<?xml version="1.0" encoding="UTF-8"?>
<project-private xmlns="http://www.netbeans.org/ns/project-private/1">
    <editor-bookmarks xmlns="http://www.netbeans.org/ns/editor-bookmarks/2" lastBookmarkId="0"/>
    <open-files xmlns="http://www.netbeans.org/ns/projectui-open-files/2">
        <group>
            <file>file:/C:/Users/gatez1511/Desktop/gitProjects/Year4_LITReality/Assignment3_LITReality/web/WEB-INF/web.xml</file>
            <file>file:/C:/Users/gatez1511/Desktop/gitProjects/Year4_LITReality/Assignment3_LITReality/web/index.jsp</file>
            <file>file:/C:/Users/gatez1511/Desktop/gitProjects/Year4_LITReality/Assignment3_LITReality/src/java/classes/db/DBUtil.java</file>
            <file>file:/C:/Users/gatez1511/Desktop/gitProjects/Year4_LITReality/Assignment3_LITReality/src/java/classes/servlets/indexServlet.java</file>
        </group>
    </open-files>
</project-private>
