<?xml version="1.0" encoding="UTF-8"?>
<project-private xmlns="http://www.netbeans.org/ns/project-private/1">
    <editor-bookmarks xmlns="http://www.netbeans.org/ns/editor-bookmarks/2" lastBookmarkId="0"/>
    <open-files xmlns="http://www.netbeans.org/ns/projectui-open-files/2">
        <group>
            <file>file:/C:/Users/gatez1511/Desktop/gitProjects/Year4_LITReality/Assignment3_LITRealtyV2/src/java/classes/servlets/FavouritesServlet.java</file>
            <file>file:/C:/Users/gatez1511/Desktop/gitProjects/Year4_LITReality/Assignment3_LITRealtyV2/web/property_detail.jsp</file>
            <file>file:/C:/Users/gatez1511/Desktop/gitProjects/Year4_LITReality/Assignment3_LITRealtyV2/web/WEB-INF/web.xml</file>
            <file>file:/C:/Users/gatez1511/Desktop/gitProjects/Year4_LITReality/Assignment3_LITRealtyV2/web/index.jsp</file>
            <file>file:/C:/Users/gatez1511/Desktop/gitProjects/Year4_LITReality/Assignment3_LITRealtyV2/src/java/classes/entities/Properties.java</file>
            <file>file:/C:/Users/gatez1511/Desktop/gitProjects/Year4_LITReality/Assignment3_LITRealtyV2/src/java/classes/db/PropertiesDB.java</file>
            <file>file:/C:/Users/gatez1511/Desktop/gitProjects/Year4_LITReality/Assignment3_LITRealtyV2/web/favourites.jsp</file>
            <file>file:/C:/Users/gatez1511/Desktop/gitProjects/Year4_LITReality/Assignment3_LITRealtyV2/web/allProperties.jsp</file>
            <file>file:/C:/Users/gatez1511/Desktop/gitProjects/Year4_LITReality/Assignment3_LITRealtyV2/web/Files/header.jsp</file>
            <file>file:/C:/Users/gatez1511/Desktop/gitProjects/Year4_LITReality/Assignment3_LITRealtyV2/src/java/classes/servlets/IndexServlet.java</file>
            <file>file:/C:/Users/gatez1511/Desktop/gitProjects/Year4_LITReality/Assignment3_LITRealtyV2/src/java/classes/servlets/SearchServlet.java</file>
            <file>file:/C:/Users/gatez1511/Desktop/gitProjects/Year4_LITReality/Assignment3_LITRealtyV2/src/java/classes/servlets/PropertiesServlet.java</file>
            <file>file:/C:/Users/gatez1511/Desktop/gitProjects/Year4_LITReality/Assignment3_LITRealtyV2/web/agents.jsp</file>
        </group>
    </open-files>
</project-private>
